Term,Definition,Usage Note,Source,Scope,PROV_Type,Examples,Status
Accession Assessment,An activity with the goal of determining whether or not a specimen should be accessioned into a collection.,,This Document,Collections,prov:Activity,,Approved
Accessioning,"The formal, documented process to legally add an object or group of objects to a museum collection. A single accession transaction occurs when one or more objects are acquired in the same manner, from one source, and at one time.",,Master Glossary for DOI Museum Property Directives,Collections,prov:Activity,,Approved
Acquisition,"An activity with the objective of gaining physical custory of an object for a museum collection through purchase, donation, bequest, transfer, or fieldwork. This includes the associated metdata primarily derived from primary sources.","The scope of an acquisition includes any prov:Activity that results in the possession of a specimen. In contrast, accession has a specific meaning and involves the formal transfer of ownership. Acquisition is an informal custody transfer of an object by an agent. In contrast, an accession is a formal process by which the ownership of an object is transfered to a museum","ISO 21246:2019(en), http://purl.obolibrary.org/obo/OBI_0600008, Master Glossary for DOI Museum Property Directives",Collections,prov:Activity,,Approved
Action,A semantically identifiable behavior of an entity or group of entities,,ISO/IEC 15938-5,Workflows,prov:Activity,,Approved
Action Specification,A specification composed of a sequence of instructions to achieve some objective.,,http://semanticscience.org/resource/SIO_000091,Workflows,prov:Plan,Subclass of Specification,Provisional
Activity,"An intentional action or a series of actions, performed by an agent, occurring over a period of time, and usually resulting in new entities.","Activity may be understood from two perspectives. First it can be understood as leading to an end. The end is the purpose of the Activity, or why the Activity is performed. Second, it can be understood in terms of the processes that lead to achieving the end, how the end is realized through coordinated actions. Purpose and process are complementary understandings of Activity. Together the two perspectives address why the Activity is performed, the expected ends or outcomes; and how the Activity fulfills the purpose. ","Adopted from https://www.irit.fr/recherches/MELODI/ontologies/BBO#Activity and http://www.w3.org/ns/prov#Activity, rico:Activity",Workflows,prov:Entity,,Approved
Activity,Activity is a kind of Event and specifically used to designate purposeful human activity.,"Activity may be understood from two perspectives. First it can be understood as leading to an end. The end is the purpose of the Activity, or why the Activity is performed. Second, it can be understood in terms of the processes that lead to achieving the end, how the end is realized through coordinated actions. Purpose and process are complementary understandings of Activity. Together the two perspectives address why the Activity is performed, the expected ends or outcomes; and how the Activity fulfills the purpose. While activity has an intended end, it also has unintended consequences and results, or side-effects. By and large, these may not be the focus of the description, but they are, unquestionably, context.",https://www.ica.org/standards/RiC/ontology#Activity,Global,prov:Activity,,Provisional
Agent,"An agent is something that bears some form of responsibility for an activity taking place, for the existence of an entity, or for another agent's activity. ","Agents typically persons, organizations, or software that perform tasks, including making assertions, or generating information used as evidence. In the execution of such tasks, an 'agent role' is realized that inheres in the agent.",,Global,prov:Entity,,Approved
Asset,An asset represents the conceptual content of a resource.,,http://www.w3.org/ns/radion#Asset,Global,prov:Entity,,Approved
Backlog,Collection objects in the physical custody of a collection that have not completed the verbatim data capture or acqusition phase of a digitization project.,"In the broadest sense of the term, the backlog consists of incomplete digital records, which prohibits the digitization process from advancing to the data curation and archival phase. ",This Document,Collections,prov:Entity,,Approved
Barcode,"Digital coding system showing an eye-visible linear array of rectangular marks of (possibly) varying width, height and vertical alignment, separated by spaces of (possibly) varying width in which the positioning and size of marks and spaces are used to code information to identify various types of material objects",Usage of the term barcode has been extended to represent a collection-level identifier analogous to catalog number.,ISO 5127:201,Collections,prov:Entity,,Approved
Biological Object,"Individual items (physical objects) of a material nature, which live, have lived, or are natural products of or from living organisms.",,CIDOC CRM version 7.1.3,Collections,prov:Entity,,Approved
Branch,A new instance of a workflow that splits from an existing workflow triggered by a planned activity such as acquiring a new collection object from an existing one (subsampling). The new workflow runs in parallel and is optionally reconnected for mobilization purposes.,,This Document,Workflows,prov:Entity,,Approved
Catalog Record,"Written or electronic documentation that captures the unique identifying number assigned to a museum object or group of objects, along with a physical description, condition, provenience, and other pertinent information that facilitates physical and intellectual access.",,Master Glossary for DOI Museum Property Directives,Collections,prov:Entity,,Approved
Collection,Designates an accumulated group of objects with a focal characteristic that is assembled and maintained by an agent over time.,,http://terminology.lido-schema.org/lido01053,Collections,prov:Entity,,Approved
Collection Management,"All practices and procedures implemented by a museum in acquiring, documenting, handling, accessing, cataloguing, storing, securing, lending, conserving and disposing of collection objects",,ISO 18461:2016,Collections,prov:Activity,,Approved
Collection Management System,"An integrated software tool with a metadata structure specifically designed for capturing, curating, preserving, and accessing data associated with museum collections",,This Document,Collections,prov:Entity,,Approved
Collection Object,A physical or digital object that belongs to a museum collection,,This Document,Collections,prov:Entity,,Approved
Collection Workflow,"A planed activity that defines role(s), procedures, task(s), and a specific structure in direct support of the care and digitization of museum collections",A workflow is a type of prov:Activity that has at least two procedures as proper parts. A workflow may be seen as an abstract model of real work.,This Document,Collections,prov:Activity,,Approved
Concept Harmonization,Activity leading to the establishment of a correspondence between two or more closely related or overlapping concepts having in order to eliminate or reduce minor differences between them.,,ISO 19104:2016(en) Geographic information — Terminology,Global,prov:Activity,,Approved
Conservator,Person who performs the operations necessary to maintain the integrity and value of material objects in an information and documentation organization,A collections manager is a type of conservator specifically associated with a museum collection,ISO 5127:201,Collections,prov:Role,,Approved
Curated Holding,"Comprises aggregations of physical objects that are curated and preserved by one or more Agents over time for a specific purpose and audience, and according to a particular collection development plan. ",,CIDOC CRM version 7.1.3,Collections,prov:Entity,,Approved
Curator,Person responsible for overseeing a collection with expertise in the same domain as the collection,,ISO 5127:201,Collections,prov:Role,,Provisional
Data Capture,Deliberate action that results in the registration of a record into a record keeping system.,,ISO 18530:2021,Workflows,prov:Activity,,Approved
Data Cleaning,Refers to the step or series of steps for cleaning and curating data in a workflow. ,"Typically these steps are undertaken by sophisticated tooling/services, or by human interactions. A Data Cleaning step preserves and enriches the content of data.",http://purl.org/net/wf-motifs#DataCleaning,Workflows,prov:Activity,,Approved
Data Collector,Person/institution responsible for finding or gathering/collecting data,,Adopted from http://w3id.org/nfdi4ing/metadata4ing#DataCollector,Workflows,prov:Role,,Approved
Data Curation,"A planned process in which existing data is collected, organized, and improved in preparation for subsequent use.",,http://purl.obolibrary.org/obo/SEPIO_0000131,Workflows,prov:Activity,,Approved
Data Curation and Archival,"An activity that includes the preservation of data in a repository, archive, or a deposition database; and curation of data and metadata, database accessions, annotation, and data provenance with the goal of ensuring that data is findable and reusable. ",,http://edamontology.org/topic_0219,Workflows,prov:Activity,,Approved
Data Curation Workflow,A type of workflow that includes active steps to curate data as an aid to on-going management of data through its lifecycle.,,http://purl.obolibrary.org/obo/T4FS_0000102,Workflows,prov:Activity,,Approved
Data Curator,"Person tasked with reviewing, enhancing, cleaning, or standardizing metadata and the associated data submitted for storage, use, and maintenance within a centralized data store or repository",,Datacite,,prov:Role,,Approved
Data Entry,"The process by which original, source data is inputed by a human into a digital, structured format for later use and analysis.",,http://purl.obolibrary.org/obo/NCIT_C142379,,prov:Activity,,Approved
Data Governance,"The control of data entry and maintenance to ensure the data meets defined standards, qualities, or constraints.",,http://edamontology.org/topic_3571,,prov:Plan,,Approved
Data Integration,"Systematic combining of data from different independent and potentially heterogeneous sources, to create a more compatible, unified view of these data for research purposes",,ISO 5127:2017,,prov:Plan,,Approved
Data Lifecycle,"Entire period of time that data exists. This lifecycle describes the flow of data starting from planning, collecting, processing, analysing, preserving, sharing and finally reusing the data.",,http://purl.obolibrary.org/obo/T4FS_0000213,,prov:Plan,,Approved
Data Management Plan,"Statement describing how data will be managed throughout a specified life cycle including terms regarding archiving and potential preservation of the data in a data repository. The plan is considered to be a 'living' document, i.e. one which can be updated when necessary.",,http://purl.obolibrary.org/obo/T4FS_0000196,,prov:Plan,,Approved
Data Manager,"A person primarily responsible for database creation, data collection, validation, integration, coding, review, quality evaluation, and archiving, as well as for preparation of reports and data displays.",,http://purl.obolibrary.org/obo/NCIT_C51820,,prov:Role,,Approved
Data Migration,"The process of transporting data between computers, storage devices, or formats. ","Data migration is a key consideration for any system implementation, upgrade or consolidation. During data migration, software programs or scripts are used to map system data for automated migration.",Master Glossary for DOI Museum Property Directives,,prov:Activity,,Approved
Data Mobility,The ability of information to be accessed and exchanged between systems,,This Document,,prov:Activity,,Approved
Data Policy,Set of high-level principles that establish a guiding framework for data-related issues.,"A data policy may contain subsidiary sections that define approaches to strategic aspects such as data access; data protection; data management, custodianship or stewardship; data preservation; relevant legal matters; data acquisition; data ethics and other data-related issues. Distinct from a data management policy which is the subset of data policy addressing the management of a specified set of data assets.",http://purl.obolibrary.org/obo/T4FS_0000333,,prov:Plan,,Approved
Data Preparation,Data preparation is the process of manipulating (or pre-processing) data (which may come from disparate data sources) to improve their quality or reduce bias in subsequent analysis.,,This Document,,prov:Activity,,
Data Product,A collection of one or more data items that are packaged for or by a specific application.,"A data product may have input and output ports, code and metadata","ISO 21961:2003, https://www.ica.org/standards/RiC/ontology#DataProduct",,prov:Entity,,Approved
Data Product Specification,"Detailed description of a dataset or dataset series together with additional information that will enable it to be created, supplied to and used by another party",,ISO 19126:2021,,prov:Plan,,Approved
Data Profiling,"The statistical analysis and assessment of the quality of data values within a dataset for consistency, uniqueness and logic.",The data profiling process cannot identify inaccurate data; it can only identify business rules violations and anomalies.,http://purl.obolibrary.org/obo/T4FS_0000516,,prov:Activity,,Approved
Data Provider,An agent or agents that produces data or reference metadata,,ISO 17369:2013,,prov:Role,,Approved
Data Publication Workflow,"Activities and processes in a digital environment that lead to the publication of data, associated metadata and accompanying documentation as a web-based resource.",,Adopted from http://purl.obolibrary.org/obo/T4FS_0000190,Workflows,prov:Activity,,Approved
Data Publishing,Process whereby data are subjected to an assessment process to determine whether they should be acquired by a repository; followed by a rigorous acquisition and ingest process that results in products being publicly made available and supported for the long-term by that repository.,,ISO 5127:2017,,prov:Activity,,Approved
Data Quality,The reliability and application efficiency of data.,,http://purl.obolibrary.org/obo/T4FS_0000507,,prov:Plan,,Approved
Data Steward,"Role within an organization responsible for ensuring metadata quality, integrity, and access in a manner that is consistent with policies and practices established through data governance to ensure the data is fit for reuse.",,"Adopted from ISO/TR 14872:2019 and http://purl.obolibrary.org/obo/T4FS_0000178, Thomas G (2009)",,prov:Role,,Approved
Data Transformation,A process whereby data is changed from one format or structure to another.,,http://purl.obolibrary.org/obo/NCIT_C43582,,prov:Activity,,Approved
Data Validation,"Process used to determine if data are inaccurate, incomplete, or unreasonable. ","The process may include format checks, completeness checks, check key tests, reasonableness checks, limit checks, and checking for compliance with applicable standards, rules, and conventions.",http://purl.obolibrary.org/obo/T4FS_0000238,,prov:Activity,,Approved
Dataset,An identifiable collection of data,,ISO 19101-1:2014(en),,prov:Entity,"Data products such as images, catalogs, parameter files, calibration data, instrument characteristics, articles, and web pages",Approved
Deaccession,"The formal, documented process by which a museum or institution permanently removes an object from its permanent collection. ","An accession is guided by internal policy, professional ethics, and often oversight by governing boards or curatorial committees.",MIMESIS,,prov:Activity,,Approved
Derivation,"A derivation is a transformation of an entity into another, an update of an entity resulting in a new one, or the construction of a new entity based on a pre-existing entity.","For an entity to be transformed from, created from, or resulting from an update to another, there must be some underpinning activity or activities performing the necessary action(s) resulting in such a derivation. ",http://www.w3.org/ns/prov#Derivation,,prov:Entity,,Approved
Determination,The systematic identification and classification of a collection object,A action of making a determination is indepdenent of the accession status of a specimen.,http://www.cidoc-crm.org/cidoc-crm/E17_Type_Assignment,,prov:Entity,,Approved
Digital Collections,"Designates an aggregation of digital objects, including digital versions of physical media, digitised resources, or born-digital items. The collection may be online presented or not.","Disambiguates Collection terms in the LIDO ObjectType vocabulary. Here, Digital Collections are disambiguated from Physical and Online Collections",http://terminology.lido-schema.org/lido01032,,prov:Entity,,Approved
Digitization,Process of converting analogue materials into digital form,,ISO 21246:2019,,prov:Activity,,Approved
Distribution,A specific serialized representation of a dataset.,"A dataset might be available in multiple serializations that may differ in various ways, including natural language, media-type or format, schematic organization, temporal and spatial resolution, level of detail or profiles (which might specify any or all of the above).",Adopted from http://schema.org/distribution and https://www.w3.org/ns/dcat#Distribution,,prov:Entity,,Approved
Distribution Phase,The stage in a project when a serialized version of a mobilized dataset is made available ,,This Document,,prov:Plan,,Approved
Entity,"A physical, digital, conceptual, or other kind of thing with some a physical, digital, conceptual, or other kind of thing with some fixed aspects. ",,IVOA Provenance Data Model,,,,Approved
Event,Something that happens or occurs in time and space.,"An event may be caused by nature, an agent, or a combination of nature and agent. Events have temporal and spatial boundaries. An event may actively involve some agent(s) and affect any entity. An event may be discrete, happening at a specific moment in time, or may occur over an extended period of time. Events may have events as parts, and events may precede or follow one another. Multiple agents may participate in the same event, and in different roles.",https://www.ica.org/standards/RiC/ontology#Event,,prov:Activity,,Approved
Event,"An arbitrary classification of a space/time region, by a cognitive agent. ","An event may have actively participating agents, passive factors, products, and a location in space/time.",http://purl.org/NET/c4dm/event.owl#Event,Global,prov:Actviity,,Provisional
Event Type,Categorization scheme for grouping events by purpose,"Curation event types include creation; acquisition; transfer; arrangement; description; digitization, etc. Biographical event types include birth, marriage, death, etc.",https://www.ica.org/standards/RiC/ontology#EventType,Global,prov:Activity,,Provisional
"Extract, Transform Load","A planned data integration process that extracts concretizations of information from a data source, prepares and transforms them, then loads the transformed concretizations into a target data store.",,Adopted from http://purl.obolibrary.org/obo/IAO_0000650 and http://purl.obolibrary.org/obo/NCIT_C142549,,prov:Activity,,Approved
FAIR Principles,"The FAIR principles are guidelines to improve the Findability, Accessibility, Interoperability, and Reuse of digital assets. The principles emphasise machine-actionability (i.e., the capacity of computational systems to find, access, interoperate, and reuse data with none or minimal human intervention) because humans increasingly rely on computational support to deal with data as a result of the increase in volume, complexity, and creation speed of data. The principles refer to three types of entities: data (or any digital object), metadata (information about that digital object), and infrastructure.",,http://purl.obolibrary.org/obo/T4FS_0000447,,prov:Plan,,Approved
Feature of Interest,The thing being sampled or transformed in an act of sampling.,,https://www.w3.org/TR/vocab-ssn/#SOSAFeatureOfInterest,,prov:Entity,,Approved
Field,User-interface element in which data is entered or presented,,ISO 9241-125:2017,,prov:Entity,,Approved
Field Work,Investigation or other type of formal activity practiced by direct observation in the field as a form of primary reconnaissance,,This Document and adopted from ISO 22932-2:2020,,prov:Activity,,Approved
Format Transformation,A type of data transformation that preserves the content of a dataset while converting its representation format.,,Adopted from http://purl.org/net/wf-motifs#FormatTransformation,,prov:Activity,,Approved
Functional Specification,A functional specification is a specification that describes the characteristics of an object.,,http://semanticscience.org/resource/SIO_000315,Workflows,prov:Plan,Subclass of Specification,Provisional
Generated,The completion of production of a new entity by an activity. ,"This entity did not exist before generation and becomes available for usage after this generation. Given that a generation is the completion of production of an entity, it is instantaneous.",http://hl7.org/fhir/w3c-provenance-activity-type/generation,,prov:Activity,,Approved
Geological Object,"An amount of matter primarily (dominantly) having parts created by geologic processes. Can include minor parts that are not of geologic origin, such as organic material, and can be solid, fluid, or a mix.",,https://w3id.org/gso/1.0/geology/Geologic_Material,Collections,prov:Entity,,Approved
Identifier,"A word, number, letter, symbol, or any combination of these used to uniquely identify or reference an individual instance of an entity within a specific information domain.","Can include Global Persistent Identifiers (globally unique and persistently resolvable identifier for the entity) and/or Local Identifiers. Both the domain within which the identifier is unique, and the rules used in forming the identifier value should be provided with the identifier value.",https://www.ica.org/standards/RiC/ontology#Identifier,,prov:Entity,,Approved
Identifier assignment,An activity that results in the allocation of an identifier that may be locally or globally unique,Documenting the act of identifier assignment and deassignment is especially useful when objects change custody or the identification system of an organization is changed.,http://www.cidoc-crm.org/cidoc-crm/E15_Identifier_Assignment,,prov:Activity,,Approved
Initator,Something that sets into motion some course of events or causes something to happen.,"In the context of a collection workflow, an initiator starts a new procedure or branch of an existing workflow",http://purl.obolibrary.org/obo/NCIT_C54190,,prov:Activity,,Approved
Iterative Workflow,A workflow whose steps are the repetition of the same task type.,,https://w3id.org/emmo#EMMO_ddecfff6_d3a1_4972_b9e9_3d0ca11a3a0b,,prov:Activity,,Approved
Kind (of),A grouping of entities that share a common set of characteristics in a particular context.,Analogous to a 'category' or classification scheme item value,This Document,,prov:Entity,,Approved
Loan,The temporary transfer of custody of museum property on either a short- term (three years or less) or long-term basis. ,A loan must be for official purposes and may be incoming or outgoing. The terms of a loan are documented in a loan agreement or similar instrument.,Master Glossary for DOI Museum Property Directives,,prov:Activity,,Approved
Local Identifier,Designates an assigned code that is uniquely and meaningfully defined only in the local source system or within the scope of an internal management system.,Locally defined identifiers should not be used to establish equality between resources from separate source systems. They may be used only to compare resources coming from the same local system. They must not be considered to have meaning of their own.,http://terminology.lido-schema.org/lido00100,Global,prov:Entity,,Approved
Man-made Object,Comprises all persistent physical objects of any size that are purposely created by human activity and have physical boundaries that separate them completely in an objective way from other objects.,"Includes all aggregates of objects made for functional purposes of whatever kind, independent of physical coherence, such as a set of chessmen.",CIDOC CRM version 7.1.3,Collections,prov:Entity,,Approved
Material Entity,"An entity that exists in full during the length of time of its existence, persists through this time while maintaining its identity and has no temporal parts.",,bfo:MaterialEntity,Collections,prov:Entity,,Approved
Material Sample,A material entity that represents an entity of interest in whole or in part dwc:MaterialSample. Top concept in material sample object type hierarchy. Represents any material sample object.,,http://rs.tdwg.org/dwc/terms/MaterialSample,Collections,prov:Entity,,Approved
Metadata,Data that defines and describes other data,,ISO/IEC 5207:2024,Global,prov:Entity,,Approved
Mobilization,The process of preparing and transferring data from an internal resource or system to external networks for the purposes of distribution,,This Document,Global,prov:Activity,,Approved
Module,A self-contained component (unit or item) that is used in combination with other components.,,http://purl.obolibrary.org/obo/NCIT_C42721,Global,prov:Entity,,Approved
Museum," An institution that cares for (conserves) a collection of artifacts and other objects of scientific, artistic, cultural, or historical importance.",,http://purl.obolibrary.org/obo/BCO_0000059,Collections,prov:Entity,,Approved
Museum Collection,An object aggregate that has as member parts a material sample that is located in a museum as a result of a process of curation.,"The class museum collection has meaning that is much broader than biological collections. It would probably be better to import this term from another, more general ontology and create a specific subclass for natural history museum collection.",http://purl.obolibrary.org/obo/BCO_0000031,Collections,prov:Entity,,Approved
Online Collection,"A virtual collection primarily designed and collocated for online presentation. The items presented in an online collection may refer to physical objects or digital resources, or both.",,http://terminology.lido-schema.org/lido01055,Collections,prov:Entity,,Approved
Organization,"An organization is a social or legal institution such as a company, society, etc.",,http://www.w3.org/ns/prov#Organization,Global,prov:Entity,,Approved
Parallel Workflow,A workflow with some tasks running concurrently.,"A workflow can be seen as a direct acyclic graph, whose nodes are tasks and edges are asymmetric causal relations. A parallel graph occurs when the topological order of such graph if not unique, meaning that there is at least one portion of the workflow in which at least two tasks are running concurrently.",https://w3id.org/emmo#EMMO_5848e476_2768_4988_98f9_9053c532307b,Workflows,prov:Activity,,Approved
Phyiscal Object,Items of a material nature that are units for documentation and have physical boundaries that separate them completely in an objective way from other objects.,,http://www.cidoc-crm.org/cidoc-crm/E19_Physical_Object,Collections,prov:Entity,,Approved
Physical Collection,Designates an aggregated group of tangible objects,"Disambiguates Collection terms in the LIDO ObjectType vocabulary. Here, Physical Collections are disambiguated from Digital and Online Collections",Adopted from http://terminology.lido-schema.org/lido01053,Collections,prov:Entity,,Approved
Physical Object,Comprises items of a material nature that are units for documentation and have physical boundaries that separate them completely in an objective way from other objects.,"The decision as to what is documented as a complete item, rather than by its parts or components, may be purely administrative or may be a result of the order in which the item was acquired.",CIDOC CRM version 7.1.3,Collections,prov:Entity,"Information about the Principal Investigator who recorded the data, and the information concerning its storage, handling, and migration.
",Approved
Plan,An entity that represents a set of intended actions or steps executed by one or more agents to achieve some goals.,,http://www.w3.org/ns/prov#Plan,Workflows,prov:Entity,,Approved
Plan specification,"A directive information entity with action specifications and objective specifications as parts, and that may be concretized as a realizable entity that, if realized, is realized in a process in which the bearer tries to achieve the objectives by taking the actions specified.",,http://purl.obolibrary.org/obo/IAO_0000104,Workflows,prov:Plan,,Approved
Planned process,A process that is initiated by an agent who intends to carry out a plan to achieve an objective through one or more actions as described in a plan specification.,,http://purl.obolibrary.org/obo/COB_0000082,Workflows,prov:Activity,,Approved
Preparator,Person carrying out the operations required for the conservation of dead animals for decoration purposes or for scientific study,,ISO 5127:201,Collections,prov:Role,,Approved
Primary Source,"Materials that provide first-hand documentation or knowledge, usually of people, places, events or time periods.","Primary sources enable the researcher to trace a research subject to its origin, potentially supporting new interpretations or revealing previously undocumented knowledge of that subject. Secondary sources build upon or extrapolate information derived from primary sources, and the distinction between the two can be quite fluid depending on one's area of study. In most contexts, however, a primary source is understood to be a point of origin, or a piece of raw data, for a research subject.",https://libguides.sdsu.edu/primary-sources/terms,Collections,prov:Entity,,Approved
Procedure,An intentional planned process performed by an agent within the context of a workflow,An intentional process in which an agent works with some entities according to some existing formalised operative rules.,https://w3id.org/emmo#EMMO_472a0ca2_58bf_4618_b561_6fe68bd9fd49,Workflows,prov:Activity,,Approved
Procedure Specification,"A specification on the order, transitions and trigger of multiple action specifications that are part of some aggregate action specification.",,http://purl.allotrope.org/ontologies/result#AFR_0000938,Workflows,prov:Plan,,Provisional
Process,A coordinated (parallel and/or serial) sequence of tasks that are connected in order to achieve a common goal as part of a workflow,,Adopted from ISO 12651-2:2014 and https://www.irit.fr/recherches/MELODI/ontologies/BBO#Process,Workflows,prov:Activity,,Approved
Process Protocol,A standard operating procedure (SOP) that is a collection of activities and the rules that describe when each activity is performed to achieve a specific purpose or objective(s).,,http://purl.obolibrary.org/obo/NCIT_C164368,Global,prov:Plan,,Approved
Project,A temporary endeavor undertaken to achieve defined objectives,,ISO/TR 21506:2018,,prov:Activity,,Approved
Project Phase,"A collection of logically-related project activities, usually culminating in the completion of an intended goal or devlierable",,Project Management Glossary of Terms,,prov:Plan,,Approved
Property,A variable that can be considered (as an investigated property) within a processing step,,http://www.molmod.info/semantics/pims-ii.ttl#Property,Workflows,prov:Entity,,Approved
Provenance,"Information that documents the history of a described object and related described activities, and that contains information about the origin or source of the described object, any changes that can have taken place since it was originated, and who has had custody of it since it was originated
","For scientific assertions/claims, this is the process history leading to the assertion being made, including the processes through which evidence is evaluated and the methods through which information used as evidence is created. The transitive nature of provenance means that the provenance history of information used as supporting data becomes provenance for an assertion that uses this information as evidence. Provenance metadata describes these processes, including accounts of who conducted them, what entities participated, and when/where they occurred.","Adopted from http://purl.obolibrary.org/obo/SEPIO_0000058, Master Glossary for DOI Museum Property Directives, ISO 24480:2024(en), and http://purl.obolibrary.org/obo/T4FS_0000309",Collections,prov:Entity,,Approved
Provenance Statement,"Any changes in ownership and custody of a resource since its creation that are significant for its authenticity, integrity, and interpretation.",,http://purl.org/dc/terms/ProvenanceStatement,Collections,prov:Entity,,Approved
Quantity Kind,Any observable property that can be measured and quantified numerically. ,"Familiar examples include physical properties such as length, mass, time, force, energy, power, electric charge, etc. Less familiar examples include currency, interest rate, price to earning ratio, and information capacity.",http://qudt.org/schema/qudt/QuantityKind,Global,prov:Entity,,Approved
Registrar,"Person responsible for the surveilling, handling and the action(s) of physical placement of material objects in a museum",,ISO 5127:201,Collections,prov:Role,,Approved
Repository,"A Web-based resources that preserve, manage, and provide access to many types of digital materials in a variety of formats.",,http://purl.obolibrary.org/obo/T4FS_0000489,Data,prov:Entity,,Approved
Requirements,A proposition that states a set of conditions that have to be fulfilled to achieve some specific objective.,,http://purl.allotrope.org/ontologies/result#AFR_0001872,,prov:Plan,,Approved
Research Data Publication Workflow,"Activities and processes in a digital environment that lead to the publication of research data, associated metadata and accompanying documentation and software code on the Web.","In contrast to interim or final published products, workflows are the means to curate, document, and review, and thus ensure and enhance the value of the published product. Workflows can involve both humans and machines and often humans are supported by technology as they perform steps in the workflow. Similar workflows may vary in the details depending on the research discipline, data publishing product and/or the host institution of the workflow.",http://purl.obolibrary.org/obo/T4FS_0000190,,prov:Activity,,Approved
Role,"The function of an entity or agent with respect to an activity, in the context of a usage, generation, invalidation, association, start, and end.",,http://www.w3.org/ns/prov#Role,Global,prov:Entity,,Approved
Sample,A material entity that represents a specific known entity (feature of interest),,This Document,Collections,prov:Entity,,Approved
Sample Collection Data Entry,A planned process that involves the initial entering of data about sample collection into a database.,,http://purl.obolibrary.org/obo/OBIB_0000708,,prov:Activity,,Approved
Semantic Interoperability,"The capability of different information systems to communicate information consistent with the intended meaning, which encompasses the data structure elements involved, the terminology appearing as data and the associated identifiers",,Volume A: Definition of the CIDOC Conceptual Reference Model. Version 7.3.1,,prov:Plan,,Approved
Serial Workflow,A workflow whose tasks are carried in a sequence defined in a planned process,,https://w3id.org/emmo#EMMO_57ba1bf0_4314_432c_a9bb_6a6720c8dab5,Workflows,prov:Activity,,Approved
Source Data Verification,"Confirming the accuracy, authenticity, and thoroughness of information by comparing it to original information and records.",,http://purl.obolibrary.org/obo/NCIT_C142752,Workflows,prov:Activity,,Approved
Specification,"A specification is a description of the essential technical attributes/requirements for an object or procedure, and may be used to determine that the object / procedure meets its requirements/attributes.",,http://semanticscience.org/resource/SIO_000090,Workflows,prov:Plan,,Provisional
Specimen,"A material entity that represents a generalized population or ""kind of"" something defined within some context.","Within the context of museum collections, specimens are collection objects commonly collected with the intent to provide information about the population or source entity it represents.",This Document,Collections,prov:Entity,,Approved
Step,An atomic unit of a workflow plan that describes a specific task performed by an Agent,"A workflow step usually involves some input information, material or energy needed to complete the step, and some output information, material or energy produced by that step.
","Adopted from ISO 12651-2:2014, http://purl.org/spar/pwo/Step",Workflows,prov:Plan,,Approved
Subprocess,A process that is included within another Process.,,https://www.irit.fr/recherches/MELODI/ontologies/BBO#SubProcess,Workflows,prov:Activity,,Approved
Task,"An atomic unit of a task in a workflow procedure where one or more distinct, clearly defined actions are performed and may be characterized by a starting and ending time","The concept of task is developed in strict connection with the concept of workflow: a task is always part of a workflow and a workflow always possess some tasks. This makes the relation between task and workflow an holistic relation, with task as role and workflow as whole.","This Document, Usage notes adopted from https://w3id.org/emmo#EMMO_4299e344_a321_4ef2_a744_bacfcce80afc and https://www.irit.fr/recherches/MELODI/ontologies/BBO#Task",Workflows,prov:Activity,,Approved
Tool,Physical or digital eesource that helps an agent perform an action,,http://w3id.org/nfdi4ing/metadata4ing#Tool,,prov:Entity,,Approved
Transaction,"A cooperative interaction between two agents, involving the exchange or transfer of exchangeable products, services, rights, or funds or the processing of some request by one entity on behalf of the other",,"Adopted from ISO/IEC TR 15067-3-8:2020 and ISO 6707-2:2017(en), 3.2.53",,prov:Activity,,Approved
Transaction Identifier,A global or local identifiers for a specific transaction,,This Document,,prov:Entity,,Approved
Trigger,A specific event in a planned process that initializes a new workflow branch,Newly created workflows initiated by a formalized trigger are referred to as branches. ,This Document,,prov:Activity,,Approved
Validation,A planned process with objective to check that the accuracy or the quality of a claim or prediction satisfies some criteria and which is assessed by comparing with independent results,,http://purl.obolibrary.org/obo/OBI_0302911,,prov:Activity,,Approved
Value,An articulation that is by social convention understood to be potentially assignable to a variable,,http://www.molmod.info/semantics/pims-ii.ttl#Value,,prov:Entity,,Approved
Voucher specimen,A specimen that physically and permanently documents data in  published literature by verifying the identity of the organism(s) used in the  study and by doing so ensures that a study which otherwise could not be  repeated can be accurately reviewed or reassessed. ,Rock and  mineral specimens may serve as vouchers to document the geology of an area.,Master Glossary for DOI Museum Property Directives,,prov:Entity,,Approved
Workflow,"A recorded sequence of connected steps, which may be automated, specifying a reliably repeatable sequence of operations to be undertaken during the lifecycle of data",A workflow is a type of prov:Activity that has at least two procedures as proper parts. A workflow may be seen as an abstract model of real work.,"Adopted from EMMO, http://purl.org/spar/fabio/Workflow, http://purl.org/spar/pwo/Workflow",,prov:Activity,,Approved
Workflow Action,An Event with at least one participatory Agent that executes a Task that typically defined in a Plan as part of a Workflow,,http://www.ontologydesignpatterns.org/ont/dul/DUL.owl#Action,Workflows,prov:Activity,,Approved
Workflow Event,Something that “happens” during a process as part of a workflow and commonly affects the flow of the process.,"Here event is generalized to cover many things in a process, including the start or end of an Activity or a change in state of a specimen",Adopted from https://www.irit.fr/recherches/MELODI/ontologies/BBO#Event,,prov:Activity,,Approved
Workflow Management System,"A system that defines, creates and manages the execution of workflows through the use of software, running on one or more workflow engines, which is able to interpret the process definition, interact with workflow participants and, where required, invoke the use of IT tools and applications.",,Workflow Management Coalition Specification Document Number WFMC-TC-1011.,,prov:Entity,,Approved
Workflow Phase,"A distinguished part of a workflow comprised of a grouping of processes based on conceptual, thematic, functional and temporal criteria",Phases must be defined explicitly and unambiguously with minimal semantic overlap between phases belonging to the same workflow,"This Document with contributions from ISO 24635-1:2025 and ISO/TS 16710-1:2024
",,prov:Activity,,Approved
Workflow Tool,"Device, system or software used by an Agent to perform specific workflow tasks",,Adopted from ISO/IEC 23000-15:2016,Workflows,prov:Entity,,Approved